{
  "properties": {
    "connectionReferences": {
      "shared_teams": {
        "runtimeSource": "embedded",
        "connection": {
          "connectionReferenceLogicalName": "cr303_sharedteams_7a665"
        },
        "api": {
          "name": "shared_teams"
        }
      },
      "shared_rss": {
        "runtimeSource": "embedded",
        "connection": {
          "connectionReferenceLogicalName": "cr303_sharedrss_9b481"
        },
        "api": {
          "name": "shared_rss"
        }
      }
    },
    "definition": {
      "$schema": "https://schema.management.azure.com/providers/Microsoft.Logic/schemas/2016-06-01/workflowdefinition.json#",
      "contentVersion": "1.0.0.0",
      "parameters": {
        "$connections": {
          "defaultValue": {},
          "type": "Object"
        },
        "$authentication": {
          "defaultValue": {},
          "type": "SecureObject"
        }
      },
      "triggers": {
        "When_a_feed_item_is_published": {
          "recurrence": {
            "interval": 1,
            "frequency": "Minute"
          },
          "splitOn": "@triggerOutputs()?['body/value']",
          "metadata": {
            "operationMetadataId": "8fedf2fc-ccf9-4d66-bfba-f3d9544428fb"
          },
          "type": "OpenApiConnection",
          "inputs": {
            "host": {
              "connectionName": "shared_rss",
              "operationId": "OnNewFeed",
              "apiId": "/providers/Microsoft.PowerApps/apis/shared_rss"
            },
            "parameters": {
              "feedUrl": "https://powerapps.microsoft.com/en-us/blog/feed/",
              "sinceProperty": "PublishDate"
            },
            "authentication": "@parameters('$authentication')"
          }
        }
      },
      "actions": {
        "Post_adaptive_card_in_a_chat_or_channel": {
          "runAfter": {},
          "metadata": {
            "operationMetadataId": "dfdf281b-897b-4073-9389-afe766e81c15"
          },
          "type": "OpenApiConnection",
          "inputs": {
            "host": {
              "connectionName": "shared_teams",
              "operationId": "PostCardToConversation",
              "apiId": "/providers/Microsoft.PowerApps/apis/shared_teams"
            },
            "parameters": {
              "poster": "User",
              "location": "Channel",
              "body/recipient/groupId": "291c9531-9ea4-42ec-9274-93517b2c2bbe",
              "body/recipient/channelId": "19:b850cf93f6514c08978ba4fe0571bbf1@thread.tacv2",
              "body/messageBody": "{\n    \"$schema\": \"http://adaptivecards.io/schemas/adaptive-card.json\",\n    \"type\": \"AdaptiveCard\",\n    \"version\": \"1.4\",\n    \"speak\": \"Nothing to see here\",\n    \"backgroundImage\": {\n        \"url\": \"https://img.freepik.com/free-vector/abstract-blue-geometric-shapes-background_1035-17545.jpg\"\n    },\n    \"body\": [\n        {\n            \"type\": \"ColumnSet\",\n            \"columns\": [\n                {\n                    \"type\": \"Column\",\n                    \"width\": 35,\n                    \"items\": [\n                        {\n                            \"type\": \"Image\",\n                            \"url\": \"https://intelequia.com/Portals/0/Products/Microsoft%20365/Power%20Platform/powerapps.png\"\n                        }\n                    ]\n                },\n                {\n                    \"type\": \"Column\",\n                    \"width\": 65,\n                    \"items\": [\n                        {\n                            \"type\": \"TextBlock\",\n                            \"text\": \"@{triggerOutputs()?['body/title']}\",\n                            \"weight\": \"Bolder\",\n                            \"size\": \"ExtraLarge\",\n                            \"wrap\": true,\n                            \"color\": \"Dark\"\n                        },\n                        {\n                            \"type\": \"TextBlock\",\n                            \"text\": \" \",\n                            \"size\": \"Medium\",\n                            \"wrap\": true\n                        },\n                        {\n                            \"type\": \"TextBlock\",\n                            \"text\": \"@{triggerOutputs()?['body/summary']}\",\n                            \"size\": \"Medium\",\n                            \"spacing\": \"None\",\n                            \"wrap\": true,\n                            \"color\": \"Dark\"\n                        }\n                    ]\n                }\n            ]\n        }\n    ],\n    \"actions\": [\n        {\n            \"type\": \"Action.OpenUrl\",\n            \"title\": \"View Blog Post\",\n            \"url\": \"@{triggerOutputs()?['body/primaryLink']}\",\n            \"style\": \"positive\"\n        }\n    ]\n}",
              "body/subject": "@triggerOutputs()?['body/title']"
            },
            "authentication": "@parameters('$authentication')"
          }
        }
      },
      "outputs": {}
    },
    "templateName": ""
  },
  "schemaVersion": "1.0.0.0"
}